回應ID,受訪者,開始時間,完成時間,狀態,Q1: 請問您的姓名？,Q2: 您的年齡層？,Q3: 您的興趣愛好？（可多選）,Q3_閱讀,Q3_運動,Q3_音樂,Q3_旅遊,Q3_烹飪,Q4: 請為此服務評分（1-5分）
a87434a3-8947-4d16-92a1-16372545cd32,莊于萱,2025-09-18T12:44:43.231166,2025-09-18T12:44:43.231169,已完成,作為莊于萱，我認為這是一個很有意義的問題。基於我的經驗和觀察，我會認真考慮並給出我的想法。,18-25歲,音樂,0,0,1,0,0,2
2605e707-0c05-43e9-b332-a70e1730b3ab,魏祺紘,2025-09-18T12:44:43.230732,2025-09-18T12:44:43.230738,已完成,作為魏祺紘，我認為這是一個很有意義的問題。基於我的經驗和觀察，我會認真考慮並給出我的想法。,18-25歲,閱讀,1,0,0,0,0,3
5091b037-36a5-440a-a588-03ffede92f96,陳冠佑,2025-09-18T12:44:43.231037,2025-09-18T12:44:43.231041,已完成,作為陳冠佑，我認為這是一個很有意義的問題。基於我的經驗和觀察，我會認真考慮並給出我的想法。,18-25歲,旅遊,0,0,0,1,0,2
da70768b-111c-41c7-b474-a75480c604e6,蔡宗陞,2025-09-18T12:44:43.230965,2025-09-18T12:44:43.230969,已完成,作為蔡宗陞，我認為這是一個很有意義的問題。基於我的經驗和觀察，我會認真考慮並給出我的想法。,18-25歲,烹飪,0,0,0,0,1,3
cc1da9f5-6294-4356-9335-1fbc3b43ffe0,李昇峰,2025-09-18T12:44:43.230886,2025-09-18T12:44:43.230890,已完成,作為李昇峰，我認為這是一個很有意義的問題。基於我的經驗和觀察，我會認真考慮並給出我的想法。,18-25歲,烹飪,0,0,0,0,1,2
a472bfb8-13ba-4961-abe0-095ec151585c,游庭瑄,2025-09-18T12:44:43.230810,2025-09-18T12:44:43.230815,已完成,作為游庭瑄，我認為這是一個很有意義的問題。基於我的經驗和觀察，我會認真考慮並給出我的想法。,18-25歲,閱讀,1,0,0,0,0,3
981cbe3d-5f3e-49b6-9ece-472740ad6a9b,施宇鴻,2025-09-18T12:44:43.231234,2025-09-18T12:44:43.231237,已完成,作為施宇鴻，我認為這是一個很有意義的問題。基於我的經驗和觀察，我會認真考慮並給出我的想法。,18-25歲,運動,0,1,0,0,0,3
9e8ef4ef-e832-489e-8af1-1763b11464bf,盧品蓉,2025-09-18T12:44:43.231301,2025-09-18T12:44:43.231305,已完成,作為盧品蓉，我認為這是一個很有意義的問題。基於我的經驗和觀察，我會認真考慮並給出我的想法。,18-25歲,閱讀,1,0,0,0,0,2
8c1cf9c9-ca52-4d14-ac76-463bfa6f5809,鄭傑丞,2025-09-18T12:44:43.231101,2025-09-18T12:44:43.231105,已完成,作為鄭傑丞，我認為這是一個很有意義的問題。基於我的經驗和觀察，我會認真考慮並給出我的想法。,18-25歲,音樂,0,0,1,0,0,4
